{
  "agent": "specs_agent",
  "timestamp": "20250331_085130",
  "metrics": {
    "cost": {
      "min": 0.0,
      "max": 0.0,
      "mean": 0.0,
      "std": 0.0,
      "count": 2,
      "last_value": 0.0,
      "p50": 0.0,
      "p90": 0.0,
      "p95": 0.0,
      "p99": 0.0
    },
    "cpu": {
      "min": 0.0,
      "max": 0.0,
      "mean": 0.0,
      "std": 0.0,
      "count": 1,
      "last_value": 0.0,
      "p50": 0.0,
      "p90": 0.0,
      "p95": 0.0,
      "p99": 0.0
    },
    "latency": {
      "min": 119.93404936790466,
      "max": 119.93404936790466,
      "mean": 119.93404936790466,
      "std": 0.0,
      "count": 1,
      "last_value": 119.93404936790466,
      "p50": 119.93404936790466,
      "p90": 119.93404936790466,
      "p95": 119.93404936790466,
      "p99": 119.93404936790466
    },
    "memory": {
      "min": 104534016,
      "max": 221364224,
      "mean": 162949120.0,
      "std": 58415104.0,
      "count": 2,
      "last_value": 221364224,
      "p50": 162949120.0,
      "p90": 209681203.2,
      "p95": 215522713.6,
      "p99": 220195921.92
    },
    "tokens": {
      "min": 0,
      "max": 0,
      "mean": 0.0,
      "std": 0.0,
      "count": 2,
      "last_value": 0,
      "p50": 0.0,
      "p90": 0.0,
      "p95": 0.0,
      "p99": 0.0
    },
    "total": {
      "min": 0.0,
      "max": 0.0,
      "mean": 0.0,
      "std": 0.0,
      "count": 1,
      "last_value": 0.0,
      "p50": 0.0,
      "p90": 0.0,
      "p95": 0.0,
      "p99": 0.0
    }
  }
}